SiteID,Sitename2,Sitename3,WA_County,Lat,Long,LCC_E_km,LCC_N_km,AP3_XCell,AP3_YCell,AP4_XCell,AP4_YCell
90402,Medicine_Hat,,,50.0492,-110.6814,713.8755726,159.0242587,88,93,264,276
90502,Lethbridge,,,49.7164,-112.8006,571.5067697,106.4004079,77,89,229,263
100060,Trail_Aquatic_Centre,,,49.0956,-117.6972,233.302141,15.09871513,48,81,144,240
100110,Kensington_Park,,,49.2794,-122.9711,-138.7724588,31.77259966,17,83,51,244
100111,Rocky_Point_Park,,,49.28083,-122.84917,-130.1861752,31.72164238,18,83,53,244
100118,Kitsilano,,,49.26167,-123.16333,-152.3545418,30.21463695,16,83,48,244
100119,Burnaby_South,,,49.21528,-122.98556,-139.9614079,24.89945852,17,82,51,242
100304,Victoria_Topaz,,,48.4292,-123.3583,-168.7190302,-58.9036642,15,75,44,221
100701,Kelowna_College,,,49.8611,-119.475,106.1768799,93.70387268,38,88,113,259
101003,Abbotsford,,,49.04278,-122.30972,-92.63067484,5.360274816,21,80,63,237
101101,Chilliwack,,,49.15611,-121.94056,-66.37980963,17.18647913,23,81,69,240
101301,Langley,,,49.09556,-122.56694,-110.7094302,11.36478418,20,81,58,239
101601,Squamish,,,49.7064,-123.1544,-150.4375973,78.05615756,16,87,48,256
101801,Creston_PC_School,,,49.0944,-116.5125,316.9177614,19.04086439,55,82,165,241
102001,Saturna,,,48.7833,-123.1333,-151.6114037,-21.29036961,16,78,48,231
102102,Nanaimo_Labieux_Road,,,49.2008,-123.9939,-211.0696347,25.55260712,11,82,33,242
102801,Elk_Falls_Dogwood,,,50.0167,-125.2472,-294.698222,117.2729496,4,90,12,265
104003,Vernon_Science_Centre,,,50.2333,-119.2833,118.6620899,134.0656518,39,91,116,270
104101,Grand_Forks_City_Hall,,,49.0311,-118.4392,181.1313868,6.243050902,44,81,131,238
105001,Whistler_Meadow_Park,,,50.1439,-122.9611,-135.7883586,124.8224953,18,90,52,267
105604,Osoyoos_Canada_Customs,,,49,-119.4625,108.8270932,1.045024212,38,80,113,236
20130002,Sand_Point_Simeonof,SPS,,,,,,,,,
20200018,Anchorage_Trinity,AncT,,,,,,,,,
20900010,Fairbanks_SB,FbS,,,,,,,,,
21220009,Tuxedni,Txd,,,,,,,,,
21700011,Trapper_Creek,TrC,,,,,,,,,
21889000,Ambler,Amb,,,,,,,,,
22809000,Petersburg,PtB,,,,,,,,,
22900003,Denali_NP,Den,,,,,,,,,
30000000,Ebeys_Landing,Eby,Island,48.189169,-122.666913,-119.8012307,-85.94551628,19,73,56,215
30000001,Gold_Bar,,,47.868567,-121.716762,-51.82528434,-121.4171833,25,70,73,206
30000002,Huckleberry_Creek,,,47.065576,-121.587963,-43.14620815,-207.7528596,25,63,75,184
30000003,Kendell_Creek,,,48.496768,-122.211619,-86.58171833,-53.46879531,22,76,64,223
30000004,Wickersham,,,48.669535,-122.249711,-89.01354574,-34.85109161,22,77,64,227
60070002,Chico,,,39.7575,-121.8422,-70.06279212,-992.8043619,23,-2,68,-11
60070007,Paradise,,,39.7564,-121.6044,-50.28150582,-993.1016529,25,-2,73,-11
60072001,Paradise,,,39.7539,-121.6244,-51.94742289,-993.3583428,25,-2,73,-11
60150002,RedwoodNP_IMPROVE,,,41.5608,-124.0839,-249.0154601,-794.2465636,8,14,24,37
60231004,Jacobs,,,40.776943,-124.177498,-259.9153971,-878.2134849,7,7,21,16
60631007,Chester_BAM,,,40.301899,-121.235001,-19.37794157,-934.4895338,27,2,81,2
60639901,Quincy_BAM,,,39.9369,-120.9478,4.330002263,-973.8372446,29,0,87,-6
60890004,Redding,,,40.5497,-122.3792,-113.2622909,-906.8587009,20,4,58,9
60890007,Anderson,,,40.4531,-122.2978,-106.7467847,-917.3700846,20,4,59,7
60890009,Shasta_Lake_City,,,40.6894,-122.4024,-114.903891,-891.7886649,19,6,57,13
60893003,Lassen_Volcanic_IMPROVE,,,40.5403,-121.5764,-47.34418439,-908.6759413,25,4,74,9
60930005,Lava_Beds_IMPROVE,,,41.7117,-121.5068,-40.82967915,-782.6882397,26,15,76,40
61030005,Red_Bluff_Oak_Street,,,40.17572,-122.237045,-102.2115411,-947.3189821,20,1,60,0
61030006,Red_Bluff_Main_Street,,,40.167881,-122.226646,-101.3653229,-948.1765198,21,1,61,0
61050002,Weaverville,,,40.734722,-122.941109,-158.9166176,-885.9899362,16,6,46,15
61059000,Trinity_IMPROVE,,,40.7864,-122.8046,-147.6173599,-880.6904671,17,7,49,16
100000001,Abbotsford_Airport,,,49.03027778,-122.3772222,-97.42748414,4.095489914,21,80,62,237
100000002,Abbotsford_Central,,,49.04277778,-122.2263889,-86.73751681,5.266686188,22,80,64,237
100000003,Grand_Forks,,,49.03111111,-118.4391667,181.1337031,6.244320935,44,81,131,238
100000004,Trail,,,49.09555556,-117.6955,233.4223542,15.09889291,48,81,144,240
100000006,Langford,,,48.46583333,-123.5075,-179.2664633,-54.64250173,14,75,41,222
100000007,North_Delta,,,49.15833333,-122.9016667,-134.1944825,18.6296494,18,82,52,241
100000008,Surrey,,,49.13277778,-122.6933333,-119.5535523,15.55031936,19,81,56,240
100000009,Richmond_South,,,49.14166667,-123.1080556,-148.802697,17.20159094,17,81,49,240
100000010,Chilliwack,,,49.15611111,-121.9405556,-66.37949771,17.18659491,23,81,69,240
100000011,Langley,,,49.09611111,-122.5663889,-110.6693381,11.42330846,20,81,58,239
100000012,Kelowna,,,49.86111111,-119.475,106.1768571,93.70506911,38,88,113,259
100000013,Victoria_Topaz,,,48.44166667,-123.3633333,-169.0394594,-57.553262,15,75,44,222
100000014,Vernon,,,50.23333333,-119.2833333,118.6597114,134.0691936,39,91,116,270
100000015,Osoyoos,,,49,-119.4625,108.8270932,1.045024212,38,80,113,236
100000016,Pitt_Meadows,,,49.24527778,-122.7091667,-120.4128299,27.67735671,19,82,56,243
100000017,Vancouver_Airport,,,49.18638889,-123.1525,-151.8098025,22.09570124,16,82,48,242
100000018,Hope,,,49.36972222,-121.4994444,-35.10534375,39.89489133,26,83,77,246
100000088,Creston_PC_School,,,49.0944,-116.5125,316.9177614,19.04086439,55,82,165,241
100000098,Esquimalt_Graving_Dock,,,48.436944,-123.588333,-185.1438073,-57.56308072,14,75,40,222
100000108,Tsawwassen,,,49.0099,-123.082,-147.3325623,2.980952583,17,80,49,237
123456789,Mt_Bachelor,,,43.979,-121.687,-53.25692513,-539.02752,25,35,73,101
160010009,Boise_Fire_Station,,,43.618889,-116.213611,373.1392918,-566.760935,60,33,179,94
160010010,Meridian,,,43.60029,-116.3478258,362.8040517,-569.3713473,59,33,177,94
160010014,Boise_Eastman,,,43.616379,-116.203817,373.9180395,-566.9842571,60,33,179,94
160010017,Boise_White_Pine,,,43.57764175,-116.1780935,376.1714255,-571.0155317,60,32,180,93
160010019,Boise_State_St,,,43.63458575,-116.2339175,371.4578297,-565.1730021,60,33,179,95
160050004,Pocatello_SO2,,,42.916389,-112.515833,668.5482239,-617.90229,85,29,253,82
160050015,Pocatello,,,42.87670825,-112.4602978,673.361601,-621.6750317,85,28,254,81
160090010,StMaries,,,47.3166925,-116.5702978,323.4082389,-171.9906371,56,66,167,193
160090011,Plummer,,,47.3386,-116.885902,300.2664728,-170.8701087,54,66,161,193
160130004,Ketchum,,,43.68253925,-114.3711283,515.9284553,-549.7127715,72,34,215,99
160150001,Idaho_City,,,43.82308,-115.8385893,400.9239382,-543.0670347,62,35,186,100
160150002,Garden_Valley,,,44.10442525,-115.972245,388.6601723,-513.5831296,61,37,183,108
160170005,Sandpoint,,,48.2710265,-116.6076,315.064223,-69.74844335,55,74,165,219
160190011,Idaho_Falls,,,43.46740425,-112.0514595,698.3915009,-555.1121658,87,34,261,97
160210002,Bonners_Ferry_Kootenai_Tr,,,48.705551,-116.368965,329.4616741,-22.14092921,56,78,168,230
160230101,CratersOMoon_IMPROVE,,,43.4605,-113.5551,581.4810911,-567.8691266,77,33,231,94
160270002,Nampa,,,43.58030175,-116.5627735,346.17763,-572.4658327,58,32,173,93
160270004,Nampa1,NNC,,,,,,,,,
160871004,Weiser,,,44.261694,-116.979172,310.0478894,-501.1211553,55,38,164,111
160290030,Soda_Springs,,,42.65167,-111.61472,742.5716062,-638.2207187,91,27,272,76
160290031,Soda_Springs_SO2,,,42.695278,-111.593889,743.6630398,-633.3747931,91,27,272,78
160310001,City_of_Rocks_NR,,,42.028889,-113.729164,581.8718753,-722.2784294,77,20,231,55
160370002,Sawtooth_IMPROVE,,,44.1705,-114.9271,468.77375,-500.9100326,68,38,203,111
160410001,Franklin,,,42.01333,-111.8092,735.110018,-708.1494719,90,21,270,59
160490002,Grangeville,,,45.931323,-116.1152165,365.6644934,-318.5342848,59,53,177,156
160490003,Kamiah,,,46.2094,-116.027496,370.3697913,-288.3361483,60,56,179,164
160550003,Lancaster,,,47.7889025,-116.804425,303.6735489,-122.250552,54,70,162,205
160550006,Coeur_dAlene,,,47.682315,-116.767,306.9850918,-133.5444795,55,69,163,203
160570005,Moscow,,,46.72663225,-116.9557428,298.49216,-236.7683464,54,60,161,177
160590004,Salmon,,,45.17949925,-113.8923235,538.8518554,-386.4573962,74,48,221,139
160590007,Salmon_NF,Slm,,,,,,,,,
160690012,Lewiston,,,46.40846375,-116.9916848,297.5512886,-271.0204157,54,57,160,168
160690013,Lapwai,,,46.397202,-116.806198,311.3716094,-271.5225087,55,57,164,168
160690014,Reubens,,,46.3349,-116.535797,331.8003116,-277.1153228,57,57,169,167
160790017,Pinehurst,,,47.5363975,-116.2367015,346.3326563,-147.0329415,58,68,173,199
160830010,Twin_Falls,,,42.563993,-114.4461853,519.9231491,-669.9229703,72,24,216,69
160830011,Paul_Elementary,,,42.607575,-113.785297,571.7954583,-660.7518156,77,25,229,71
160850002,McCall,,,44.89694925,-116.0970523,373.81779,-429.2701939,60,44,179,129
200000001,Ocean_1,,,47.1573,-124.853531,-282.2011966,-191.2671551,5,64,15,188
200000002,Ocean_2,,,47.942635,-125.291289,-309.7096461,-105.3871876,3,71,9,210
200000003,Ocean_3,,,46.609739,-125.11123,-304.0751269,-249.0513193,4,59,10,174
200000004,Ocean_4,,,46.07519,-125.035378,-301.3612254,-306.6527948,4,54,11,159
200000005,Ocean_5,,,48.607841,-125.136296,-294.840744,-34.56210608,4,77,12,227
300298001,Glacier_NP,,,48.5103,-113.9956,499.7847251,-30.79175662,71,77,211,228
300299001,Glacier_IMPROVE,,,48.5105,-113.9966,499.7116754,-30.77657623,71,77,211,228
300351001,Glacier_NP_Portable,,,48.740799,-113.4347,537.3530017,-2.473638241,74,80,220,235
300479000,Flathead_IMPROVE,,,47.7734,-114.269,486.9752338,-111.3918601,70,71,208,208
300490026,ROSSITER_SCHOOL,,,46.6588,-112.0131,662.9962885,-214.3417498,84,62,252,182
300499000,GatesOMntns_IMPROVE,,,46.8262,-111.7107,683.125885,-193.9413355,86,64,257,188
300530018,Libby_Courthouse,,,48.3841,-115.548,390.1354327,-52.9484276,62,76,184,223
300779000,Monture_IMPROVE,,,47.1222,-113.1544,574.219011,-173.6712787,77,66,230,193
300819000,Sula_Peak_IMPROVE,,,45.8598,-114.0001,524.3255094,-314.4341732,73,54,217,157
300899000,Cabinet_Mtns_IMPROVE,,,47.9549,-115.6709,384.4226987,-99.57234448,61,72,182,211
320079000,Jarbidge_IMPROVE,,,41.8926,-115.4261,447.341313,-747.7902867,66,18,198,49
300930005,Butte,,,46.002602,-112.501247,634.5877608,-288.3272652,82,56,245,164
300490004,Sieben_Flats,,,46.8505,-111.987164,662.589145,-193.6725073,84,64,252,188
410010004,Baker_City,,,44.7882,-117.844597,241.1269725,-447.6406629,49,43,146,124
410030013,Corvallis,,,44.588402,-123.263,-173.5599296,-471.3858222,15,41,43,118
410050004,Carus,,,45.2593,-122.588,-120.3710095,-400.6336915,19,47,56,136
410050010,MtHood_IMPROVE,,,45.2888,-121.7837,-59.37671214,-398.3705267,24,47,71,136
410050102,Multorpor,,,45.28856,-121.7827,-59.30120181,-398.3970271,24,47,71,136
410090004,Sauvie_Island,,,45.768575,-122.771947,-133.1023129,-345.6901359,18,51,53,150
410111036,CTCLUSI_Radar_Hill,,,43.381943,-124.263885,-255.5653833,-598.150686,8,30,22,86
410130100,Prineville,,,44.299599,-120.844704,11.9720811,-504.8280681,30,38,89,110
410170004,Sisters,,,44.292099,-121.555496,-42.82957372,-505.4961817,25,38,75,110
410170120,Bend,Bnd,,44.0639,-121.3125,-24.18997077,-530.0944668,27,36,80,103
410190002,Roseburg,,,43.226639,-123.367203,-185.8717055,-617.290428,14,29,40,82
410230002,John_Day,,,44.417999,-118.951302,157.595913,-490.1136166,42,39,125,113
410250003,Burns,,,43.589298,-119.048302,152.304326,-579.2391653,42,32,124,91
410290019,Shady_Cove,,,42.6233,-122.8103,-143.6178037,-683.22044,17,23,50,65
410290133,Medford,Mdf,,42.320975,-122.878775,-149.8114373,-715.569958,17,20,49,57
410311034,Warm_Springs,,,44.7639,-121.2694,-20.60085506,-454.9667315,27,42,81,122
410330010,Kalmiopsis_IMPROVE,,,42.552,-124.0589,-242.9281133,-687.8629988,9,23,25,64
410330011,Provolt,,,42.289722,-123.232498,-178.1038263,-718.2029025,14,20,41,56
410330036,Cave_Junction,,,42.161701,-123.648399,-211.7273927,-730.9420746,11,19,33,53
410330114,Grants_Pass,,,42.4342,-123.348297,-186.8841197,-702.4203541,13,21,39,60
410350004,Klamath_Falls,KlF,,42.190201,-121.7313,-58.44596489,-731.1145422,24,19,71,53
410358001,Crater_Lk_IMPROVE,,,42.8958,-122.1361,-89.72028505,-654.9348088,22,25,64,72
410370001,Lakeview,,,42.1894,-120.354027,51.62742869,-731.2592814,33,19,99,53
410390060,Eugene,Eug,,44.0263675,-123.0826,-161.2967363,-532.0728533,16,36,46,103
410390070,Three_Sisters_IMPROVE,,,44.291,-122.0434,-80.44760857,-505.2385028,22,38,66,110
410391007,Eugene_Saginaw,,,43.8328,-123.0358,-158.201257,-552.9402493,16,34,46,98
410392013,Oakridge,,,43.7444,-122.4806,-115.2382274,-563.3770416,19,33,57,95
410430009,Albany,,,44.6157,-123.0916,-160.3410415,-468.8141944,16,41,46,119
410432002,Sweet_Home,,,44.3958,-122.7299,-133.128059,-493.0746991,18,39,53,113
410470004,Salem,,,44.809,-122.914,-146.233,-448.4124,17,43,49,124
410470041,Salem,,,44.9431,-123.005913,-152.893313,-433.8513002,16,44,48,128
410510080,Portland_SEL,,,45.496675,-122.6028813,-120.9887783,-375.1374647,19,49,56,142
410510087,Portland_Postal,,,45.5193,-122.6748,-126.3657791,-372.5983673,18,49,54,143
410510246,Portland_NR,,,45.5613,-122.6679,-125.7513268,-368.1020348,19,49,55,144
410590121,Pendleton,,,45.65212425,-118.8232315,163.8440823,-357.4354843,43,50,127,147
410591003,Hermiston_Airport,,,45.82889,-119.263306,130.3142182,-339.2753389,40,52,119,151
410610010,Starkey_IMPROVE,,,45.2249,-118.5129,188.61986,-402.5897981,45,46,133,135
410610119,La_Grande_OR,,,45.33902325,-118.0952,219.84067,-389.281708,47,48,141,139
410630001,Enterprise,,,45.426306,-117.2967,279.8009687,-377.4292876,52,49,156,142
410630002,Hells_Canyon_IMPROVE,,,44.9702,-116.8438,316.5309169,-424.6399361,55,45,165,130
410650007,The_Dalles,,,45.6024015,-121.2033655,-15.3226286,-364.9807756,28,50,82,145
410670004,Hillsboro,,,45.52853,-122.972443,-148.7947125,-371.0964016,17,49,49,143
410670111,Beaverton,,,45.4702,-122.815975,-137.1353904,-377.6350365,18,49,52,142
410671004,Sherwood,,,45.402,-122.854,-140.1759,-384.8876,17,48,51,140
490030003,Brigham_City,,,41.492802,-112.0187,724.6898286,-765.6637671,89,16,267,45
490050004,Logan,,,41.731201,-111.837502,736.3197744,-738.5398986,90,18,270,51
490110004,Bountiful,,,40.897999,-111.885498,742.6607408,-828.0228181,91,11,272,29
490131001,Fruitland,,,40.208801,-110.8405,836.765563,-891.3809614,99,6,295,13
490137011,Myton,,,40.2169,-110.182297,890.5393297,-883.415505,103,6,309,15
490352004,Beach,,,40.735001,-112.210999,718.1691733,-848.4259556,89,9,266,24
490353006,Hawthorne,,,40.733501,-111.871696,745.7947552,-845.4841331,91,10,272,25
490471003,VERNAL,,,40.452301,-109.509697,941.9138511,-850.6118042,107,9,321,23
490472003,Ouray,,,40.054848,-109.68737,933.4759303,-895.0681557,107,5,319,12
490477022,Whiterocks,,,40.483799,-109.906197,909.1544867,-851.8377293,105,9,313,23
490490002,North_Provo,,,40.253502,-111.6632,768.7665084,-894.8512194,93,5,278,12
490494001,Lindon,,,40.3414,-111.7136,763.5397655,-885.9308203,93,6,277,15
490570002,Ogden,,,,,,,,,,
530010003,Ritzville,Rtz,Adams,47.12815125,-118.3819088,191.8698902,-198.0532405,45,63,134,186
530030004,Clarkston,Clk,Asotin,46.42559125,-117.059781,292.4099177,-269.4347388,53,58,159,169
530050002,Kennewick,Knw,Benton,46.2183125,-119.2021633,133.9626684,-297.3807783,40,55,119,162
530070003,Chelan_Wapato,Cwa,Chelan,,,,,,,,
530070006,Wenatchee,Wen,Chelan,47.4122055,-120.3183083,49.70709204,-170.4687278,33,66,98,193
530070007,Chelan_Woodin,Cwo_Neph,Chelan,47.83861,-120.02306,70.67585657,-124.4370598,35,70,104,205
530070010,Leavenworth,Lev,Chelan,47.59881575,-120.6647005,24.36538283,-150.5821365,31,67,92,198
530070011,Wenatchee_5th,Wen5,Chelan,47.43061,-120.34195,47.96698975,-168.506178,33,66,98,194
530090005,Sequim,Sqm,Clallam,48.008465,-122.972863,-142.2643538,-104.8620057,17,71,50,210
530090009,Port_Angeles,PtA,Clallam,48.116773,-123.464486,-177.347224,-92.2444374,14,72,42,213
530090014,Neah_Bay_MAKA1_IMPROVE,NbI,Clallam_Makah_Tribe,48.368979,-124.6026175,-257.9823,-62.05778,8,75,22,220
530090015,Neah_Bay,NhB,Clallam_Makah_Tribe,48.366058,-124.6100458,-258.5280706,-62.34753227,7,75,21,220
530090013,Cheeka_Peak_MAKA2_IMPROVE,ChP,Clallam,48.29795,-124.624321,-259.881,-69.61578,7,74,21,219
530090016,ONP_Deer_Park,,,47.94919167,-123.2652922,-163.5265561,-110.6713636,15,71,45,208
530090020,Olympic_IMPROVE,,Clallam,48.0065,-122.9727,-142.2578053,-105.0734136,17,71,50,210
530091004,ONP_Hurricane_Ridge,,,47.9706,-123.5028,-180.5944983,-107.8612368,14,71,41,209
530110011,Vancouver_Blairmont_Dr,VBm,Clark,45.61661675,-122.5166183,-114.2343971,-362.3923422,19,50,57,145
530110013,Vancouver_4pln,V4P,Clark,45.64830825,-122.586911,-119.4608704,-358.8886529,19,50,56,146
530110019,Vancouver_McA,VmA,Clark,45.623889,-122.611944,-121.3978455,-361.4716132,19,50,56,146
530110020,Camas,Cms,Clark,,,,,,,,
530110022,Yacolt,Ykl,Clark,45.86485775,-122.4111535,-105.8217986,-335.8952751,20,52,60,152
530110023,Vancouver_NEVancPlz,,Clark,45.64987,-122.5901,-119.6976,-358.7163,19,50,56,146
530130001,Starbuck,Stb,Columbia,46.53152,-118.2167,206.1995961,-261.674171,46,58,138,171
530130002,Dayton,Dtn,Whitman,46.318,-117.985,224.2203,-283.9603813,48,56,142,165
530150013,Woodland,Wdl,Clark,45.893611,-122.788333,-134.0331804,-332.2443771,18,52,52,153
530150015,Longview,Lgv,Cowlitz,46.139411,-122.961911,-146.3935815,-305.5614788,17,55,49,160
530210002,Mesa,Mes,Franklin,46.57544925,-119.0017513,147.9361469,-258.6959378,41,58,123,171
530251002,Moses_Lake,MsL,Grant,47.130309,-119.2725995,126.6023158,-199.5931705,40,63,118,186
530270008,Oakville,Oak,Grays_Harbor_Chehalis_Tribe,46.81749925,-123.1928735,-161.6295342,-232.3383179,16,61,46,178
530270011,Taholah,Thl,Grays_Harbor_Quinault_Tribe,47.306444,-124.2619008,-238.2486698,-177.186683,9,65,26,192
530272002,Aberdeen,Abd,Grays_Harbor,46.976074,-123.8313928,-208.073169,-213.8434793,12,62,34,183
530299999,Oak_Harbor,,,48.294399,-122.660004,-119.0702216,-74.64653086,19,74,56,217
530310003,Port_Townsend,PtT,Jefferson,48.12918675,-122.779036,-128.0014968,-92.21780386,18,72,54,213
530330004,Bellvue_West_Wheeler,Blv_WW,King,,,,,,,,
530330010,Issaquah,Isq,King,47.5525,-122.064722,-77.43482517,-155.0941129,23,67,67,197
530330017,North_Bend,NBd,King,47.4900805,-121.772856,-56.27358744,-162.0430961,24,66,72,195
530330021,Seattle_South_Park_S1,SS1,King,,,,,,,,
530330023,Enumclaw,Enm,King,47.14110425,-121.9366868,-68.64058208,-199.398075,23,63,69,186
530330024,Lake_Forest_Park,Lfp,King,47.75500075,-122.2806015,-92.78602672,-133.1102018,21,69,63,203
530330027,Redmond,Red,King,,,,,,,,
530330028,Woodinville,Wdv,King,47.754,-122.161,-84.12249393,-133.3498624,22,69,65,203
530330032,Georgetown,Gtn,King,,,,,,,,
530330033,Kent_Smith,KtS,King,,,,,,,,
530330037,Bellevue,Blv,King,47.613014,-122.2016918,-87.29803884,-148.4525649,22,68,64,199
530330038,Seattle_Maple_Leaf,Mpl,King,,,,,,,,
530330039,Seattle_QA_Hill,QAH,King,47.63309925,-122.3628008,-98.96416029,-146.1075141,21,68,61,199
530330048,Seattle_Olive,Olv,King,47.61529925,-122.3300015,-96.61432778,-148.0596978,21,68,62,199
530330057,Seattle_Duwamish,Dwm,King,47.5623,-122.3405,-97.47222658,-153.7401434,21,67,62,198
530330080,Seattle_Beacon_Hill,BH,King,47.5682325,-122.3068913,-95.01823847,-153.1432888,21,67,62,198
530331011,Seattle_South_Park_S2,SS2,King,47.5306,-122.320675,-96.08699331,-157.1692127,21,67,62,197
530332004,Kent_JamesC,KtJ,King,47.3861035,-122.2306265,-89.7745566,-172.7942291,22,66,64,193
530350007,Bremerton_Spruce,BSp,Kitsap,47.592675,-122.62739,-118.2640054,-150.0908503,19,67,56,198
530350008,Suquamish,Suq,Kitsap_Suquamish_Tribe,,,,,,,,
530351005,Meadowdale,Mdw,Kitsap,47.6308,-122.6411,-119.1762283,-145.97535,19,68,56,200
530370002,Ellensburg,Eln,Kittitas,46.99422775,-120.5450695,33.42760918,-215.4787262,32,62,94,182
530370004,Snoqualmie_Pass_IMPROVE,,Kittitas,47.422,-121.4259,-31.05009106,-169.5456257,26,66,78,194
530390003,Wishram,Wsh,Klickitat,45.666204,-121.000708,-0.053283944,-358.1517374,29,50,86,146
530390005,Goldendale,,Klickitat,45.81561,-120.83786,12.17013706,-342.1020178,30,51,89,150
530390010,MtZion_COGO_IMPROVE,,Klickitat,45.5693,-122.2103,-91.24071727,-367.8636094,21,49,63,144
530390011,Wishram_CORI_IMPROVE,,Klickitat,45.6644,-121.0008,-0.060209782,-358.3453779,29,50,86,146
530410003,Packwood,Pkw,Pierce,46.595556,-121.5675,-42.00237767,-258.2345325,25,58,75,171
530410004,Chehalis,Chl,Lewis,46.66408925,-122.9673173,-145.4128113,-249.2381164,17,59,50,174
530410006,Centralia,Cnt,Lewis,,,,,,,,
530410007,White_Pass_IMPROVE,,Lewis,46.6243,-121.3881,-28.70961224,-255.2275411,27,59,79,172
530410008,Vader,Vdr,Lewis,,,,,,,,
530450004,Shelton,Shn,Mason,47.227833,-123.114564,-154.6951616,-188.4414916,16,64,47,189
530450005,Belfair,,,47.418771,-122.849997,-134.8700343,-168.4167247,18,66,52,194
530450006,Skokomish,Skk,Mason_Skokomish_Tribe,47.3258,-123.1505,-157.0408821,-177.8525282,16,65,47,192
530450007,Shelton,Shn,Mason,47.21355075,-123.1008078,-153.7292765,-190.0014718,16,64,48,188
530450096,Mount_Baker,,,48.8561,-121.6817,-48.38618018,-15.2740034,25,79,74,232
530470007,Twisp_Glover,TwG,Okanogan,48.364267,-120.121115,62.96222916,-68.02429307,34,74,102,219
530470009,Twisp_Glover,TwG,Okanogan,48.36444175,-120.1211038,62.96282882,-68.00549828,34,74,102,219
530470010,Winthrop,Wnt,Okanogan,48.4771995,-120.1905905,57.86251298,-55.93551443,34,75,100,222
530470012,Pasayten_IMPROVE,,Okanogan,48.3877,-119.9275,76.79806412,-65.33620767,35,75,105,220
530470013,Omak,Omk,Okanogan,48.39999,-119.5189593,106.0249536,-63.54858025,38,75,113,220
530490002,Raymond,Ray,Pacific,46.68550075,-123.7272023,-201.4821528,-245.2937313,12,60,36,175
530510007,Usk,Usk,Pend_Oreille_Kalispell_Tribe,48.3457,-117.2716,267.0996932,-64.1453415,51,75,153,220
530530012,MtRainier_Jackson,MRJ,Pierce,46.7843945,-121.7384218,-54.46547409,-237.8556722,24,60,72,177
530530014,MtRainier_IMPROVE,,Pierce,46.7583,-122.1244,-82.97276245,-240.3261921,22,60,65,176
530530022,Puyallup_Tribe,PyT,Pierce_Puyallup_Tribe,47.20439925,-122.3433,-98.32084512,-192.1766277,21,64,61,188
530530028,Graham,Ghm,Pierce,46.98,-122.298056,-95.40031034,-216.3282285,21,62,62,182
530530029,Tacoma_L,TcL,Pierce,47.1864,-122.4517,-106.2892376,-193.9710268,20,64,59,188
530530031,Tacoma_Alex,TcA,Pierce,47.2656,-122.3858,-101.3174842,-185.5511404,21,65,61,190
530530033,Tacoma_21,Tc21,Pierce,,,,,,,,
530530034,Tacoma_M_PDX,TcM,Pierce,,,,,,,,
530531008,LaGrande,LgR,Pierce,46.843056,-122.3175,-97.07121561,-231.008935,21,61,62,178
530531010,MtRainier_Tahoma,MrT,Pierce,46.75907225,-122.1220668,-82.79943423,-240.2456928,22,60,65,176
530531018,Puyallup_128,PSH,Pierce,47.140375,-122.299475,-95.22503602,-199.1051093,21,63,62,186
530531020,Puyallup_Chief_Leschi_Sch,PyCL,Pierce,,,,,,,,
530531022,Puyallup_Tribe,PyT,Pierce_Puyallup_Tribe,47.2053,-122.3452,-98.4582742,-192.0775605,21,64,61,188
530570011,Anacortes_202,Ana2,Skagit,48.52059,-122.61428,-115.3006,-50.40005,19,76,57,223
530570013,Marblemount,,,48.539444,-121.446944,-31.91384184,-49.44614229,26,76,78,224
530570014,MtVernon_Laven,MVL,Skagit,,,,,,,,
530570015,MtVernon_2nd,MV2,Skagit,48.41022625,-122.337663,-95.74342613,-62.62889708,21,75,62,220
530579999,Anacortes_Bmew,AnaB,Skagit,48.4654,-122.56,-112.4806388,-54.90766218,20,75,58,222
530590001,Mt_Zion,MtZ,Skamania,,,,,,,,
530590002,Stevenson,Stv,Skamania,,,,,,,,
530590004,Bonneville_Dam,BnV,Skamania,,,,,,,,
530610005,Lynnwood,SnM,Snohomish,47.8064,-122.3167,-95.31048298,-127.5456175,21,69,62,204
530610011,Tulalip,Tll,Snohomish,48.069,-122.275,-91.84283781,-99.37763517,21,72,63,211
530610020,Darrington,Drt,Snohomish,48.24682425,-121.603103,-43.30111748,-80.83213055,25,73,75,216
530611007,Marysville,Mrv,Snohomish,48.055139,-122.1757978,-84.71935682,-100.9765932,22,72,65,211
530612001,Getchell_Arlington,Arl,Snohomish,48.071389,-121.976389,-70.33091116,-99.42334107,23,72,68,211
530630001,Cheney,Chn,Spokane,47.41641325,-117.5298425,252.9386086,-164.7456699,50,66,149,195
530630016,Spokane_Ferry,SpF,Spokane,,,,,,,,
530630021,Spokane_Augusta,SpA,Spokane,47.67249625,-117.3648873,263.7053277,-136.7291575,51,69,152,202
530630046,Spokane_Greenbluff,SpG,Spokane,47.827222,-117.275278,269.4281017,-119.8233139,51,70,153,206
530630047,Spokane_Monroe,SpM,Spokane,47.70005275,-117.425975,259.144621,-133.9708841,51,69,151,203
530630049,Spokane_3rd,Sp3,Spokane,47.6538,-117.4184,259.9157479,-138.9108593,51,68,151,201
530630051,Spokane_res_IMPROVE,S_R,Spokane,47.9045,-117.8609,226.7652961,-113.3415034,48,71,143,208
530630052,Spokane_College,SpC,Spokane,47.6629985,-117.4282993,259.1537629,-137.9556449,51,69,151,202
530639000,Newman_Lake,NwL,Spokane,,,,,,,,
530639996,Liberty_Lake,,Spokane,47.660568,-117.084503,284.0925158,-137.050063,53,69,157,202
530639997,Spokane_Broadway,SpB,Spokane,47.66396275,-117.2576515,271.5218862,-137.2865773,52,69,154,202
530639998,Deer_Park,,Spokane,47.952564,-117.476044,254.3226319,-107.0244509,50,71,150,209
530639999,Airway_Heights,,Spokane,47.645351,-117.589027,247.5797375,-140.3585585,50,68,148,201
530650002,Wellpinit,Wlp,Stevens,47.88522075,-117.988614,217.6217252,-115.7662048,47,70,140,207
530650004,Colville,Clv,Stevens,48.5447055,-117.9036028,221.0210523,-44.69476952,47,76,141,225
530650009,Chewelah,Chw,Stevens,,,,,,,,
530670005,Yelm,Ylm,Thurston,46.952562,-122.59527,-117.3000696,-218.8795136,19,62,57,181
530670013,Lacey,Lcy,Thurston,47.029198,-122.8213355,-133.7327389,-210.2968578,18,62,53,183
530710005,Walla_Walla,WlW,Walla_Walla,46.0588025,-118.3514175,197.901489,-312.7347904,45,54,135,158
530710006,Burbank,Brb,Walla_Walla,,,,,,,,
530730005,Custer,Cst,Whatcom,48.95116675,-122.55443,-110.1272766,-4.184367513,20,80,58,235
530730015,Bellingham,Bli,Whatcom,48.76271875,-122.4402203,-102.4013619,-24.60298086,20,78,60,230
530730022,North_Cascades_IMPROVE,,Whatcom,48.7316,-121.0646,-4.596084227,-28.86911804,29,78,85,229
530739999,Maple_Falls,,Whatcom,48.9477,-122.1471,-81.27668658,-5.044181516,22,80,66,235
530750003,Pullman,Puw,Whitman,46.7245555,-117.179936,281.9688234,-237.8038221,52,60,156,177
530750004,Colfax,Cfx,Whitman,,,,,,,,
530750005,Lacrosse,Lcr,Whitman,46.815795,-117.8739335,230.3895426,-230.2364452,48,61,144,178
530750006,Rosalia,Ros,Whitman,47.23174075,-117.3686445,265.5798432,-184.0406438,51,65,152,190
530770007,Naches,Nch_Neph,Yakima,46.72975,-120.70379,21.87021296,-243.9340431,31,60,91,175
530770009,Yakima,Ykm,Yakima,46.595409,-120.512266,36.09883185,-258.2892234,32,58,95,171
530770012,Yakima_Sundquist,YkS,Yakima,,,,,,,,
530770015,Toppenish,Tpn,Yakima,46.38020925,-120.3326173,49.58757743,-281.2974942,33,57,98,166
530770016,White_Swan,WtS,Yakima,46.37543075,-120.7293178,20.11404179,-281.9831994,31,57,91,166
530770017,Harrah,HRh,Yakima,46.40857,-120.54398,33.86586169,-278.3628835,32,57,94,166
560350097,Wyoming_Range,,,42.98,-110.353058,837.1648193,-590.7784223,99,31,295,88
560350099,Boulder,,,42.7186,-109.7531,887.9685135,-612.1311813,103,29,308,83
560350100,Daniel_South,,,42.7914,-110.0547,863.2412627,-607.6843392,101,29,302,84
560350101,Pinedale,,,42.8698,-109.8708,876.4855042,-597.3445419,102,30,305,87
560350700,Big_Piney,,,42.486668,-110.099167,864.1998263,-640.5979578,101,27,302,76
560359991,Pinedale,,,42.9288,-109.788,882.0792976,-590.1593727,103,31,307,88
560370300,MOXA,,,41.750599,-109.789703,899.6167518,-715.5473142,104,20,311,57
560390008,GrandTeton,,,43.67083,-110.599403,808.2946632,-519.7640874,96,37,288,106
560391011,Yellowstone_NP,,,44.5597,-110.4006,811.0588389,-423.1511283,97,45,289,130
560391012,Yellowstone_NP_Old_Faith,,,44.456902,-110.831398,779.673477,-438.3727747,94,43,281,126
560410101,Murphy_Ridge,,,41.3694,-111.0419,804.7663524,-769.5125471,96,16,287,44
530639990,Spokane_Colbert_Greenbluff,,Spokane,47.8082264,-117.34327,264.6065,-122.0891,51,70,152,205
